,precision,recall,f1-score,support
0.0,0.6220625778105032,0.9521454469959293,0.752497817156854,134867.0
1.0,0.9050617084185287,0.44091153391379123,0.5929570270713068,139545.0
accuracy,0.6921708963164876,0.6921708963164876,0.6921708963164876,0.6921708963164876
macro avg,0.763562143114516,0.6965284904548603,0.6727274221140804,274412.0
weighted avg,0.7659743370655537,0.6921708963164876,0.6713675475167228,274412.0
