,precision,recall,f1-score,support
0.0,0.6221383696730399,0.948667946940319,0.7514646759799014,134867.0
1.0,0.8993164630599185,0.4431330395213014,0.5937159453685701,139545.0
accuracy,0.6915914755914464,0.6915914755914464,0.6915914755914464,0.6915914755914464
macro avg,0.7607274163664792,0.6959004932308102,0.6725903106742357,274412.0
weighted avg,0.7630899936605914,0.6915914755914464,0.67124571101788,274412.0
