,precision,recall,f1-score,support
-1.0,0.47656892943638457,0.15028138833072582,0.228505716025164,134867.0
1.0,0.5057895576648569,0.8404743989394102,0.6315302023541576,139545.0
accuracy,0.5012608778041776,0.5012608778041776,0.5012608778041776,0.5012608778041776
macro avg,0.4911792435506207,0.495377893635068,0.4300179591896608,274412.0
weighted avg,0.49142831082692934,0.5012608778041776,0.43345321083143856,274412.0
