,precision,recall,f1-score,support
-1.0,0.9934123847167325,0.13976732632890182,0.2450566165286463,134867.0
1.0,0.5458097299921312,0.9991042316098749,0.7059562207898081,139545.0
accuracy,0.5767604915236944,0.5767604915236944,0.5767604915236944,0.5767604915236944
macro avg,0.7696110573544319,0.5694357789693884,0.4755064186592272,274412.0
weighted avg,0.765795835682636,0.5767604915236944,0.4794349792701585,274412.0
