,precision,recall,f1-score,support
-1.0,0.663722313730459,0.8156628382035636,0.731890036193315,134867.0
1.0,0.7712269142641551,0.600594790211043,0.675298933187224,139545.0
accuracy,0.7062956430476801,0.7062956430476801,0.7062956430476801,0.7062956430476801
macro avg,0.717474613997307,0.7081288142073032,0.7035944846902695,274412.0
weighted avg,0.7183909487809474,0.7062956430476801,0.7031121202531048,274412.0
