,precision,recall,f1-score,support
-1.0,0.6555167374069032,0.9710826221388479,0.7826892448731395,134867.0
1.0,0.9477351916376306,0.5067899243971479,0.6604253729601008,139545.0
accuracy,0.7349787910149702,0.7349787910149702,0.7349787910149702,0.7349787910149702
macro avg,0.801625964522267,0.7389362732679978,0.7215573089166202,274412.0
weighted avg,0.8041167410351222,0.7349787910149702,0.7205151708308054,274412.0
