,precision,recall,f1-score,support
-1.0,0.2961727247881935,1.0,0.45699576780801465,135462.0
1.0,0.0,0.0,0.0,321913.0
accuracy,0.2961727247881935,0.2961727247881935,0.2961727247881935,0.2961727247881935
macro avg,0.14808636239409675,0.5,0.22849788390400733,457375.0
weighted avg,0.08771828290846302,0.2961727247881935,0.1353496817683723,457375.0
