,precision,recall,f1-score,support
-1.0,0.37049252678574945,0.6940765675982933,0.4831066065487431,135462.0
1.0,0.7964607420359329,0.5037416941844536,0.6171507949344928,321913.0
accuracy,0.5601136922656463,0.5601136922656463,0.5601136922656463,0.5601136922656463
macro avg,0.5834766344108412,0.5989091308913734,0.5501287007416179,457375.0
weighted avg,0.6703005750521223,0.5601136922656463,0.5774505624182634,457375.0
